"Time (s)","Latitude (°)","Longitude (°)","Height (m)","Velocity (m/s)","Direction (°)","Horizontal Accuracy (m)","Vertical Accuracy (m)"
8.345341850E-1,6.499844160E1,2.559619310E1,2.612639896E1,NaN,NaN,5.272000122E1,1.812087059E0
2.410148958E0,6.499844160E1,2.559619310E1,-1.747359951E1,0.000000000E0,NaN,5.272000122E1,0.000000000E0
4.005658854E0,6.499848394E1,2.559560246E1,4.894829884E1,0.000000000E0,0.000000000E0,1.900000000E1,0.000000000E0
5.010360416E0,6.499848394E1,2.559560246E1,4.228518238E1,0.000000000E0,5.017713547E1,1.900000000E1,0.000000000E0
5.977378645E0,6.499848394E1,2.559560246E1,3.477889576E1,0.000000000E0,1.069076767E2,1.900000000E1,0.000000000E0
6.986882811E0,6.499848394E1,2.559560246E1,3.477889576E1,0.000000000E0,8.997440338E1,4.900000095E0,0.000000000E0
7.981451561E0,6.499848394E1,2.559560246E1,3.477889576E1,0.000000000E0,8.998351288E1,4.900000095E0,0.000000000E0
8.982229686E0,6.499848394E1,2.559560246E1,3.477889576E1,0.000000000E0,8.997438812E1,4.900000095E0,0.000000000E0
9.987562498E0,6.499848394E1,2.559560246E1,3.477889576E1,0.000000000E0,8.998658752E1,4.900000095E0,0.000000000E0
1.098316146E1,6.499848394E1,2.559560246E1,3.477889576E1,0.000000000E0,8.999237061E1,4.900000095E0,0.000000000E0
1.197848698E1,6.499848394E1,2.559560246E1,3.477889576E1,0.000000000E0,8.999476624E1,4.900000095E0,0.000000000E0
1.298468385E1,6.499848394E1,2.559560246E1,3.477889576E1,0.000000000E0,8.999612427E1,4.900000095E0,0.000000000E0
1.399111250E1,6.499848394E1,2.559560246E1,3.477889576E1,0.000000000E0,8.999702454E1,4.900000095E0,0.000000000E0
1.498852135E1,6.499848394E1,2.559560246E1,3.453753605E1,0.000000000E0,3.491015930E2,5.764979839E0,0.000000000E0
1.598352344E1,6.499848394E1,2.559560246E1,3.422194615E1,0.000000000E0,3.123870239E2,5.488424301E0,0.000000000E0
1.698345416E1,6.499854012E1,2.559582819E1,3.408947502E1,8.183636665E-1,3.126291199E2,4.699999809E0,0.000000000E0
1.798223385E1,6.499854766E1,2.559582821E1,3.387616813E1,8.361722827E-1,3.130343018E2,5.027620792E0,0.000000000E0
1.898109844E1,6.499855676E1,2.559580966E1,3.372994650E1,9.183970094E-1,3.141115723E2,4.699999809E0,0.000000000E0
1.997352916E1,6.499856446E1,2.559579055E1,3.318516786E1,1.224042058E0,3.089821777E2,4.699999809E0,0.000000000E0
2.097034531E1,6.499857128E1,2.559577244E1,3.304614236E1,1.475602388E0,3.095180054E2,4.699999809E0,0.000000000E0
2.197597864E1,6.499857841E1,2.559575494E1,3.294582098E1,1.676490903E0,3.133426208E2,4.699999809E0,0.000000000E0
2.298622448E1,6.499858586E1,2.559573773E1,3.259458435E1,1.817754269E0,3.165352173E2,4.699999809E0,0.000000000E0
2.397471614E1,6.499859425E1,2.559572225E1,3.224012879E1,1.911825299E0,3.161216431E2,4.699999809E0,0.000000000E0
2.498824843E1,6.499860228E1,2.559570623E1,3.175191440E1,1.967812061E0,3.170777893E2,4.699999809E0,0.000000000E0
2.597005937E1,6.499861067E1,2.559569056E1,3.161509115E1,2.000639915E0,3.124835510E2,4.699999809E0,0.000000000E0
2.699025729E1,6.499861911E1,2.559567477E1,3.141393692E1,2.013135195E0,3.171320801E2,4.699999809E0,0.000000000E0
2.798467604E1,6.499862738E1,2.559565913E1,3.107142889E1,2.002087593E0,3.216594849E2,4.699999809E0,0.000000000E0
2.898524427E1,6.499863568E1,2.559564442E1,3.087175066E1,1.993295193E0,3.185388489E2,4.699999809E0,0.000000000E0
2.998364843E1,6.499864386E1,2.559562969E1,3.071277897E1,1.981213689E0,3.220385742E2,4.699999809E0,0.000000000E0
3.098461875E1,6.499865219E1,2.559561477E1,3.068063849E1,1.968683839E0,3.201759033E2,4.699999809E0,0.000000000E0
3.197097656E1,6.499866069E1,2.559560000E1,3.046711311E1,1.961891294E0,3.243208618E2,4.699999809E0,0.000000000E0
3.297535572E1,6.499866915E1,2.559558469E1,3.014844708E1,1.946969986E0,3.208627319E2,4.699999809E0,0.000000000E0
3.397403802E1,6.499867807E1,2.559556950E1,3.015853590E1,1.933122158E0,3.215321655E2,4.699999809E0,0.000000000E0
3.497473593E1,6.499869542E1,2.559553844E1,2.999387581E1,1.658500195E0,3.218191528E2,4.699999809E0,0.000000000E0
3.597360000E1,6.499871046E1,2.559551255E1,2.995916817E1,1.449386358E0,3.231576538E2,4.699999809E0,0.000000000E0
3.697103749E1,6.499872483E1,2.559548746E1,3.007092508E1,1.508906007E0,3.209463501E2,4.699999809E0,0.000000000E0
3.798893281E1,6.499873927E1,2.559546496E1,3.019505281E1,1.536616921E0,3.242492676E2,4.699999809E0,0.000000000E0
3.898572968E1,6.499875356E1,2.559544467E1,3.018598614E1,1.546822309E0,3.270902710E2,4.699999809E0,0.000000000E0
3.997178385E1,6.499876717E1,2.559542565E1,3.012725512E1,1.545389652E0,3.282296753E2,4.699999809E0,0.000000000E0
4.097605728E1,6.499877972E1,2.559540601E1,3.018803382E1,1.539057732E0,3.259048157E2,4.699999809E0,0.000000000E0
4.201624635E1,6.499879132E1,2.559538550E1,3.015382196E1,1.531093836E0,3.241828308E2,4.699999809E0,0.000000000E0
4.298176354E1,6.499880246E1,2.559536414E1,3.002286523E1,1.527143598E0,3.235740967E2,4.699999809E0,0.000000000E0
4.397393697E1,6.499881410E1,2.559534413E1,3.008116356E1,1.524643064E0,3.289801636E2,4.699999809E0,0.000000000E0
4.498525781E1,6.499882523E1,2.559532217E1,2.982664886E1,1.515716910E0,3.255894775E2,4.699999809E0,0.000000000E0
4.597149583E1,6.499883640E1,2.559529943E1,2.999294498E1,1.520985603E0,3.235759888E2,4.699999809E0,0.000000000E0
4.698168124E1,6.499884861E1,2.559527988E1,3.003552724E1,1.529846430E0,3.303617859E2,4.699999809E0,0.000000000E0
4.798697499E1,6.499886070E1,2.559525983E1,3.043320818E1,1.527014852E0,3.273487244E2,4.699999809E0,0.000000000E0
4.897907030E1,6.499887277E1,2.559524015E1,3.085477288E1,1.523265481E0,3.257728882E2,4.699999809E0,0.000000000E0
4.998307135E1,6.499888490E1,2.559522083E1,3.092853637E1,1.524533749E0,3.255319824E2,4.699999809E0,0.000000000E0
5.098426510E1,6.499889677E1,2.559520110E1,3.100874269E1,1.525648952E0,3.233715515E2,4.699999809E0,0.000000000E0
5.198650260E1,6.499890875E1,2.559518273E1,3.119920132E1,1.519482851E0,3.248679810E2,4.699999809E0,0.000000000E0
5.301577708E1,6.499892042E1,2.559516488E1,3.110064669E1,1.513292313E0,3.244611816E2,4.699999809E0,0.000000000E0
5.397551874E1,6.499893218E1,2.559514901E1,3.091723777E1,1.503466249E0,3.285432434E2,4.699999809E0,0.000000000E0
5.498570520E1,6.499894317E1,2.559513233E1,3.053248468E1,1.496014953E0,3.267528992E2,4.699999809E0,0.000000000E0
5.598874426E1,6.499895242E1,2.559511778E1,3.024485948E1,1.272238493E0,3.267265320E2,4.699999809E0,0.000000000E0
5.697391301E1,6.499896057E1,2.559510393E1,3.026633045E1,1.111213446E0,3.241415405E2,4.699999809E0,0.000000000E0
5.797589426E1,6.499896976E1,2.559508850E1,3.033485690E1,1.232491612E0,3.233506775E2,4.699999809E0,0.000000000E0
5.898411145E1,6.499897987E1,2.559507292E1,3.018836883E1,1.320160508E0,3.251897278E2,4.699999809E0,0.000000000E0
5.997359687E1,6.499899041E1,2.559505717E1,3.002795372E1,1.363968134E0,3.251588745E2,4.699999809E0,0.000000000E0
6.097680207E1,6.499900093E1,2.559504082E1,2.981817650E1,1.395506978E0,3.242448730E2,5.023106098E0,0.000000000E0
6.198965520E1,6.499901154E1,2.559502391E1,2.971735862E1,1.437915802E0,3.240327759E2,4.699999809E0,0.000000000E0
6.297709166E1,6.499902226E1,2.559500657E1,2.978156852E1,1.467902541E0,3.238101807E2,4.699999809E0,0.000000000E0
6.397453020E1,6.499903314E1,2.559498972E1,2.978417115E1,1.475204110E0,3.254277039E2,4.699999809E0,0.000000000E0
6.497475728E1,6.499904412E1,2.559497295E1,2.975507373E1,1.477844357E0,3.264295654E2,4.699999809E0,0.000000000E0
6.598119999E1,6.499905503E1,2.559495525E1,2.983303203E1,1.483495831E0,3.247798767E2,4.699999809E0,0.000000000E0
6.698745728E1,6.499906619E1,2.559493744E1,2.961313520E1,1.490823746E0,3.257719116E2,4.699999809E0,0.000000000E0
6.799730988E1,6.499907751E1,2.559491901E1,2.963147788E1,1.495405316E0,3.255775757E2,4.699999809E0,0.000000000E0
6.898940364E1,6.499908825E1,2.559489810E1,2.948372460E1,1.499370456E0,3.203108521E2,6.032413483E0,0.000000000E0
6.998602030E1,6.499910014E1,2.559487989E1,2.944438958E1,1.504364848E0,3.270736389E2,4.699999809E0,0.000000000E0
7.098518749E1,6.499911208E1,2.559486125E1,2.946531925E1,1.504338264E0,3.258341370E2,4.699999809E0,0.000000000E0
7.199146197E1,6.499912339E1,2.559484077E1,2.948103386E1,1.504460096E0,3.214306030E2,4.699999809E0,0.000000000E0
7.298652759E1,6.499913527E1,2.559482233E1,2.951181299E1,1.508293509E0,3.262727661E2,4.699999809E0,0.000000000E0
7.399019322E1,6.499914679E1,2.559480286E1,2.927593313E1,1.508423567E0,3.230500488E2,4.699999809E0,0.000000000E0
7.501645155E1,6.499915903E1,2.559478561E1,2.900165493E1,1.508458853E0,3.284020996E2,4.699999809E0,0.000000000E0
7.597582499E1,6.499917069E1,2.559476588E1,2.869203713E1,1.510541558E0,3.225079651E2,4.699999809E0,0.000000000E0
7.698530103E1,6.499918320E1,2.559474789E1,2.862953602E1,1.511871815E0,3.271409302E2,4.699999809E0,0.000000000E0
7.799034061E1,6.499919570E1,2.559472912E1,2.856024483E1,1.512832165E0,3.245905762E2,4.699999809E0,0.000000000E0
7.897364790E1,6.499920794E1,2.559470984E1,2.854376412E1,1.513990045E0,3.221016235E2,4.699999809E0,0.000000000E0
7.998641718E1,6.499922084E1,2.559469372E1,2.840199372E1,1.513329268E0,3.285679932E2,4.699999809E0,0.000000000E0
8.099316561E1,6.499923355E1,2.559467834E1,2.838730970E1,1.511523128E0,3.291757202E2,4.699999809E0,0.000000000E0
8.197229530E1,6.499924577E1,2.559466262E1,2.839553250E1,1.506299734E0,3.272659302E2,4.699999809E0,0.000000000E0
8.298528645E1,6.499925614E1,2.559464941E1,2.832678790E1,1.277176261E0,3.274116516E2,4.699999809E0,0.000000000E0
8.398637759E1,6.499926496E1,2.559463612E1,2.819073533E1,1.119177699E0,3.242020264E2,4.699999809E0,0.000000000E0
8.497679322E1,6.499927516E1,2.559461573E1,2.824852879E1,1.455381989E0,3.174803467E2,4.699999809E0,0.000000000E0
8.598713436E1,6.499928548E1,2.559459463E1,2.846624602E1,1.468359947E0,3.175338440E2,4.699999809E0,0.000000000E0
8.698716613E1,6.499929610E1,2.559457386E1,2.868801851E1,1.477399111E0,3.190422974E2,4.699999809E0,0.000000000E0
8.797373644E1,6.499930683E1,2.559455287E1,2.896976199E1,1.484384060E0,3.190953979E2,4.699999809E0,0.000000000E0
8.897213644E1,6.499931712E1,2.559453616E1,2.928910599E1,1.258985877E0,3.248499756E2,4.699999809E0,0.000000000E0
8.997712863E1,6.499932823E1,2.559451787E1,2.950605304E1,1.344680190E0,3.250858154E2,4.699999809E0,0.000000000E0
9.097276874E1,6.499933944E1,2.559449594E1,3.005740464E1,1.420525312E0,3.193369141E2,4.699999809E0,0.000000000E0
9.198038540E1,6.499935177E1,2.559447519E1,3.051394666E1,1.457712531E0,3.247473755E2,4.699999809E0,0.000000000E0
9.298786561E1,6.499936374E1,2.559445225E1,3.080718144E1,1.481755018E0,3.198393555E2,4.699999809E0,0.000000000E0
9.397202030E1,6.499937627E1,2.559443104E1,3.066921077E1,1.496503353E0,3.238341370E2,4.699999809E0,0.000000000E0
9.497962707E1,6.499938929E1,2.559441205E1,3.041418249E1,1.503665328E0,3.292482605E2,4.699999809E0,0.000000000E0
9.598729790E1,6.499940382E1,2.559440977E1,3.035200173E1,1.509600282E0,5.636848450E0,4.699999809E0,0.000000000E0
9.698488957E1,6.499941583E1,2.559438682E1,3.017250018E1,1.513311863E0,3.228066101E2,4.699999809E0,0.000000000E0
9.797487811E1,6.499942782E1,2.559436467E1,2.979384079E1,1.512089729E0,3.254362793E2,4.699999809E0,0.000000000E0
9.898860884E1,6.499943963E1,2.559434370E1,2.951774304E1,1.507324576E0,3.261557007E2,4.699999809E0,0.000000000E0
9.997638488E1,6.499945134E1,2.559432384E1,2.925126572E1,1.503570557E0,3.264872131E2,4.699999809E0,0.000000000E0
1.009760823E2,6.499946283E1,2.559430364E1,2.904786044E1,1.500970840E0,3.240303955E2,4.699999809E0,0.000000000E0
1.019715927E2,6.499947399E1,2.559428279E1,2.876005092E1,1.498621464E0,3.211327515E2,4.699999809E0,0.000000000E0
1.029904573E2,6.499948586E1,2.559426519E1,2.851031236E1,1.489823937E0,3.281239014E2,4.699999809E0,0.000000000E0
1.039947495E2,6.499949618E1,2.559425024E1,2.832642893E1,1.261744022E0,3.281562195E2,4.699999809E0,0.000000000E0
1.049775031E2,6.499950567E1,2.559423651E1,2.829916076E1,1.120726585E0,3.272608032E2,4.699999809E0,0.000000000E0
1.059964849E2,6.499951706E1,2.559421677E1,2.819653200E1,1.468677759E0,3.210490112E2,4.699999809E0,0.000000000E0
1.069858729E2,6.499953055E1,2.559419546E1,2.835790154E1,1.705566406E0,3.239664612E2,4.699999809E0,0.000000000E0
1.079854875E2,6.499954219E1,2.559417750E1,2.859969799E1,1.425224066E0,3.240785828E2,4.699999809E0,0.000000000E0
1.089738708E2,6.499955289E1,2.559416264E1,2.884039834E1,1.229756713E0,3.268284912E2,4.699999809E0,0.000000000E0
1.099783146E2,6.499956356E1,2.559414441E1,2.895353179E1,1.318880796E0,3.203651733E2,4.699999809E0,0.000000000E0
1.109814302E2,6.499957613E1,2.559413079E1,2.898508153E1,1.383448482E0,3.354835815E2,4.699999809E0,0.000000000E0
1.119728547E2,6.499958809E1,2.559411277E1,2.923257745E1,1.425724506E0,3.265484619E2,4.699999809E0,0.000000000E0
1.129748922E2,6.499959954E1,2.559409222E1,2.915603375E1,1.454174757E0,3.211826782E2,4.699999809E0,0.000000000E0
1.139876760E2,6.499961166E1,2.559407330E1,2.921446209E1,1.474984288E0,3.255415039E2,4.699999809E0,0.000000000E0
1.149848640E2,6.499962362E1,2.559405375E1,2.917309024E1,1.488142967E0,3.236976013E2,4.699999809E0,0.000000000E0
1.159876791E2,6.499963580E1,2.559403505E1,2.911020742E1,1.496594906E0,3.249403687E2,4.699999809E0,0.000000000E0
1.169737349E2,6.499964798E1,2.559401699E1,2.904254853E1,1.500430107E0,3.250072021E2,4.699999809E0,0.000000000E0
1.179745177E2,6.499965991E1,2.559399937E1,2.901144940E1,1.500765324E0,3.250355225E2,4.699999809E0,0.000000000E0
1.190162234E2,6.499967175E1,2.559398256E1,2.904198414E1,1.500158191E0,3.251715698E2,4.699999809E0,0.000000000E0
1.199900901E2,6.499968377E1,2.559396739E1,2.901580955E1,1.496919513E0,3.273271484E2,4.699999809E0,0.000000000E0
1.209918958E2,6.499969509E1,2.559395133E1,2.884167757E1,1.493804693E0,3.237433472E2,4.699999809E0,0.000000000E0
1.219736010E2,6.499970700E1,2.559393801E1,2.872520495E1,1.489981890E0,3.301470032E2,4.699999809E0,0.000000000E0
1.229881057E2,6.499971780E1,2.559392081E1,2.873904182E1,1.487751842E0,3.207526245E2,4.699999809E0,0.000000000E0
1.239922411E2,6.499972942E1,2.559390568E1,2.876843555E1,1.487224460E0,3.261563416E2,4.699999809E0,0.000000000E0
1.249853969E2,6.499974065E1,2.559388819E1,2.895413261E1,1.486722112E0,3.205042114E2,4.699999809E0,0.000000000E0
1.259863198E2,6.499975292E1,2.559387334E1,2.905972168E1,1.488095284E0,3.286367188E2,4.699999809E0,0.000000000E0
1.269856844E2,6.499976503E1,2.559385776E1,2.911457140E1,1.489039660E0,3.279691162E2,4.699999809E0,0.000000000E0
1.279839021E2,6.499977531E1,2.559384405E1,2.926046453E1,1.267485499E0,3.280399170E2,4.699999809E0,0.000000000E0
1.289763922E2,6.499978497E1,2.559383454E1,2.929660008E1,1.112678885E0,3.379136353E2,4.699999809E0,0.000000000E0
1.299838672E2,6.499979444E1,2.559381907E1,2.956977004E1,1.226456404E0,3.249710388E2,4.699999809E0,0.000000000E0
1.309857078E2,6.499980450E1,2.559380196E1,2.989768167E1,1.301586151E0,3.237766113E2,4.699999809E0,0.000000000E0
1.319771151E2,6.499981565E1,2.559378474E1,3.056582719E1,1.366696358E0,3.262217712E2,4.699999809E0,0.000000000E0
1.329740474E2,6.499982735E1,2.559376637E1,3.110254563E1,1.417712212E0,3.249564209E2,4.699999809E0,0.000000000E0
1.339719198E2,6.499983918E1,2.559374723E1,3.135612218E1,1.443275928E0,3.238261414E2,4.699999809E0,0.000000000E0
1.349751364E2,6.499985119E1,2.559372803E1,3.161004224E1,1.464421272E0,3.243338013E2,4.699999809E0,0.000000000E0
1.359901041E2,6.499986339E1,2.559370930E1,3.181329944E1,1.481201768E0,3.251630859E2,4.699999809E0,0.000000000E0
1.369933760E2,6.499987545E1,2.559369043E1,3.185967326E1,1.488278985E0,3.242243042E2,4.699999809E0,0.000000000E0
1.379862791E2,6.499988802E1,2.559367455E1,3.183473525E1,1.489985943E0,3.305313721E2,4.699999809E0,0.000000000E0
1.389861703E2,6.499990018E1,2.559365784E1,3.168482366E1,1.492074132E0,3.279444275E2,4.699999809E0,0.000000000E0
1.399833234E2,6.499991180E1,2.559364004E1,3.156819110E1,1.490867853E0,3.248981323E2,4.699999809E0,0.000000000E0
1.409845739E2,6.499992333E1,2.559362253E1,3.137291464E1,1.489424706E0,3.257811584E2,4.699999809E0,0.000000000E0
1.419747469E2,6.499993472E1,2.559360510E1,3.122590920E1,1.486209631E0,3.258666382E2,4.699999809E0,0.000000000E0
1.429948750E2,6.499994576E1,2.559358763E1,3.105642343E1,1.482116461E0,3.258102112E2,4.699999809E0,0.000000000E0
1.439866323E2,6.499995628E1,2.559356955E1,3.097982893E1,1.481017590E0,3.241330566E2,4.699999809E0,0.000000000E0
1.449836864E2,6.499996742E1,2.559355475E1,3.090915121E1,1.477654576E0,3.307446899E2,4.699999809E0,0.000000000E0
1.459799578E2,6.499997802E1,2.559353872E1,3.080929832E1,1.473570108E0,3.262214050E2,4.699999809E0,0.000000000E0
1.469898281E2,6.499998914E1,2.559352540E1,3.073419534E1,1.471432447E0,3.320402222E2,4.699999809E0,0.000000000E0
1.479851380E2,6.499999872E1,2.559351454E1,3.072108705E1,1.248051047E0,3.321182251E2,4.699999809E0,0.000000000E0
1.489851057E2,6.500000780E1,2.559350781E1,3.074297947E1,1.090252757E0,3.397680664E2,4.699999809E0,0.000000000E0
1.499863500E2,6.500001815E1,2.559350296E1,3.067584233E1,1.201745868E0,3.456790161E2,4.699999809E0,0.000000000E0
1.509750416E2,6.500003123E1,2.559350620E1,3.052646997E1,1.507822990E0,3.778228760E0,4.699999809E0,0.000000000E0
1.519847844E2,6.500004403E1,2.559351026E1,3.013926266E1,1.497788191E0,3.885231018E0,4.699999809E0,0.000000000E0
1.529909349E2,6.500005380E1,2.559352352E1,2.971110045E1,1.264598489E0,2.506169891E1,4.699999809E0,0.000000000E0
1.539859823E2,6.500006348E1,2.559353976E1,2.931867016E1,1.324489236E0,2.870711136E1,4.699999809E0,0.000000000E0
1.549816661E2,6.500007226E1,2.559356105E1,2.893347978E1,1.369467139E0,3.797737503E1,4.699999809E0,0.000000000E0
1.559774166E2,6.500007934E1,2.559358798E1,2.894080625E1,1.401800871E0,5.126439667E1,4.699999809E0,0.000000000E0
1.569747890E2,6.500008664E1,2.559361527E1,2.855270492E1,1.425334215E0,4.903571320E1,4.699999809E0,0.000000000E0
1.580135791E2,6.500009253E1,2.559364499E1,2.816852900E1,1.439426422E0,5.623621368E1,4.699999809E0,0.000000000E0
1.589854786E2,6.500009853E1,2.559367406E1,2.798558603E1,1.445735097E0,5.466443634E1,4.699999809E0,0.000000000E0
1.599878677E2,6.500010497E1,2.559370200E1,2.779613522E1,1.456967950E0,5.258732605E1,4.699999809E0,0.000000000E0
1.609740718E2,6.500011058E1,2.559373088E1,2.760064585E1,1.465334058E0,5.803564453E1,4.699999809E0,0.000000000E0
1.619821182E2,6.500011671E1,2.559375848E1,2.743831766E1,1.466635942E0,5.539905167E1,4.699999809E0,0.000000000E0
1.629846838E2,6.500012281E1,2.559378564E1,2.751767350E1,1.466807723E0,5.610665894E1,4.699999809E0,0.000000000E0
1.639898328E2,6.500012842E1,2.559381316E1,2.758546326E1,1.466556311E0,5.963280869E1,4.699999809E0,0.000000000E0
1.649855021E2,6.500013387E1,2.559384037E1,2.754798273E1,1.466914177E0,6.152957153E1,4.699999809E0,0.000000000E0
1.659810698E2,6.500014008E1,2.559386603E1,2.773922761E1,1.466102958E0,5.749436951E1,4.699999809E0,0.000000000E0
1.669881114E2,6.500014523E1,2.559389290E1,2.793776633E1,1.461860657E0,6.228256226E1,4.699999809E0,0.000000000E0
1.679860578E2,6.500015135E1,2.559391821E1,2.810914816E1,1.464612603E0,5.550320816E1,4.699999809E0,0.000000000E0
1.689864812E2,6.500015539E1,2.559394598E1,2.824580125E1,1.469338655E0,6.630384827E1,4.699999809E0,0.000000000E0
1.699877515E2,6.500015948E1,2.559397345E1,2.838852736E1,1.468162060E0,6.517704773E1,4.699999809E0,0.000000000E0
1.709933640E2,6.500016316E1,2.559400125E1,2.863417789E1,1.467318296E0,6.648690796E1,5.761883259E0,0.000000000E0
1.719863968E2,6.500016613E1,2.559402553E1,2.883925976E1,1.244529486E0,6.669483948E1,7.563453197E0,0.000000000E0
1.729708859E2,6.500017048E1,2.559405035E1,2.889020451E1,1.313798547E0,6.155378723E1,6.121561050E0,0.000000000E0
1.739754927E2,6.500017540E1,2.559407639E1,2.889996930E1,1.364376903E0,6.168485260E1,5.787704468E0,0.000000000E0
1.749779922E2,6.500018070E1,2.559410377E1,2.882060341E1,1.410011411E0,6.214763641E1,5.507989407E0,0.000000000E0
1.759885047E2,6.500018611E1,2.559413251E1,2.903198210E1,1.443537593E0,6.230662537E1,5.498273373E0,0.000000000E0
1.769765734E2,6.500018929E1,2.559415997E1,2.901991187E1,1.239103079E0,7.107556152E1,5.521036148E0,0.000000000E0
1.779905099E2,6.500019239E1,2.559418965E1,2.892408589E1,1.319087982E0,7.352224731E1,5.148109436E0,0.000000000E0
1.789872052E2,6.500019605E1,2.559422053E1,2.901023210E1,1.375900149E0,7.168777466E1,5.132096291E0,0.000000000E0
1.799874677E2,6.500019400E1,2.559425312E1,2.913105148E1,1.419221997E0,1.022538300E2,5.121724129E0,0.000000000E0
1.809755203E2,6.500019872E1,2.559428502E1,2.928530869E1,1.445431352E0,6.874758911E1,5.092006207E0,0.000000000E0
1.819728021E2,6.500020334E1,2.559431703E1,2.937956073E1,1.462075472E0,7.032504272E1,6.862938881E0,0.000000000E0
1.829881521E2,6.500020748E1,2.559434942E1,2.952669981E1,1.474550128E0,7.244686890E1,5.777763367E0,0.000000000E0
1.839746901E2,6.500021145E1,2.559438189E1,2.961633237E1,1.481912851E0,7.269406891E1,6.876039505E0,0.000000000E0
1.849919422E2,6.500021532E1,2.559441422E1,2.984151262E1,1.486218929E0,7.298161316E1,6.056230545E0,0.000000000E0
1.859884995E2,6.500021919E1,2.559444609E1,2.998489818E1,1.487805843E0,7.274621582E1,8.560853958E0,0.000000000E0
1.869753661E2,6.500022245E1,2.559447756E1,3.008895826E1,1.475056052E0,7.467282867E1,7.126205444E0,0.000000000E0
1.879837120E2,6.500022641E1,2.559450815E1,2.993899755E1,1.479369879E0,7.004132080E1,6.961060524E0,0.000000000E0
1.889956588E2,6.500022972E1,2.559453931E1,2.979429361E1,1.492901444E0,7.320442963E1,6.576979160E0,0.000000000E0
1.899751291E2,6.500023312E1,2.559457023E1,2.971183027E1,1.487280846E0,7.252116394E1,6.563882351E0,0.000000000E0
1.909926307E2,6.500023597E1,2.559459707E1,2.960879495E1,1.263805509E0,7.262699127E1,5.641519547E0,0.000000000E0
1.919893255E2,6.500023835E1,2.559462151E1,2.963850007E1,1.105342984E0,7.348298645E1,6.497337818E0,0.000000000E0
1.929749531E2,6.500024147E1,2.559464878E1,2.973606046E1,1.221199036E0,7.137769318E1,5.295191765E0,0.000000000E0
1.939760906E2,6.500024444E1,2.559467932E1,2.990284580E1,1.312647820E0,7.471994781E1,5.267584324E0,0.000000000E0
1.949808052E2,6.500024883E1,2.559471070E1,2.970005514E1,1.374091983E0,6.847221375E1,6.691068649E0,0.000000000E0
1.959723005E2,6.500025235E1,2.559474395E1,2.957206688E1,1.415928841E0,7.341472626E1,5.242452621E0,0.000000000E0
1.969804817E2,6.500025547E1,2.559477781E1,2.944919417E1,1.445569396E0,7.560772705E1,5.233676910E0,0.000000000E0
1.979844958E2,6.500025923E1,2.559481122E1,2.927975150E1,1.464544773E0,7.325508118E1,5.217976570E0,0.000000000E0
1.989735880E2,6.500026305E1,2.559484435E1,2.924240039E1,1.475171328E0,7.495545959E1,5.185046196E0,0.000000000E0
1.999860385E2,6.500026797E1,2.559487612E1,2.917306289E1,1.481456041E0,7.042766571E1,5.524557114E0,0.000000000E0
2.009951286E2,6.500027156E1,2.559490847E1,2.916937283E1,1.485041738E0,7.745909882E1,5.156458378E0,0.000000000E0
2.019936291E2,6.500027238E1,2.559494134E1,2.911892672E1,1.482257962E0,9.151876068E1,5.062219620E0,0.000000000E0
2.029765093E2,6.500027532E1,2.559497378E1,2.911989838E1,1.480471611E0,8.165732574E1,4.699999809E0,0.000000000E0
2.039871635E2,6.500027955E1,2.559500539E1,2.910136906E1,1.489862680E0,7.566006470E1,4.699999809E0,0.000000000E0
2.049743588E2,6.500028386E1,2.559503665E1,2.920632532E1,1.495388150E0,7.504467010E1,4.699999809E0,0.000000000E0
2.059843031E2,6.500028872E1,2.559506733E1,2.935967475E1,1.492933512E0,7.174121857E1,4.699999809E0,0.000000000E0
2.070150036E2,6.500029362E1,2.559509766E1,2.936557091E1,1.492410541E0,7.115411377E1,4.699999809E0,0.000000000E0
2.079840729E2,6.500029823E1,2.559512758E1,2.941098746E1,1.489785433E0,7.238932800E1,4.699999809E0,0.000000000E0
2.089754781E2,6.500030256E1,2.559515717E1,2.957284777E1,1.488212228E0,7.341329193E1,5.097642422E0,0.000000000E0
2.099906901E2,6.500030670E1,2.559518679E1,2.987515765E1,1.489801645E0,7.369923401E1,5.093498707E0,0.000000000E0
2.109851396E2,6.500031015E1,2.559521268E1,3.024414910E1,1.267927408E0,7.367726898E1,4.699999809E0,0.000000000E0
2.119967807E2,6.500031326E1,2.559523610E1,3.063390816E1,1.113290191E0,7.382638550E1,5.080397129E0,0.000000000E0
2.129743864E2,6.500031868E1,2.559526500E1,3.083247327E1,1.451539159E0,6.636180115E1,5.077898026E0,0.000000000E0
2.139968666E2,6.500032352E1,2.559529959E1,3.088170769E1,1.685390472E0,7.255087280E1,5.072839260E0,0.000000000E0
2.149838521E2,6.500032773E1,2.559532921E1,3.096712530E1,1.404391289E0,7.249933624E1,5.083728790E0,0.000000000E0
2.159838286E2,6.500033188E1,2.559535545E1,3.111274310E1,1.215283036E0,7.031283569E1,5.098853588E0,0.000000000E0
2.169752177E2,6.500033633E1,2.559538398E1,3.118023553E1,1.308020353E0,7.036068726E1,5.105384827E0,0.000000000E0
2.179783927E2,6.500034148E1,2.559541370E1,3.113054393E1,1.368756294E0,6.806916046E1,5.385789394E0,0.000000000E0
2.189879250E2,6.500034700E1,2.559544423E1,3.066864738E1,1.411568999E0,6.770991516E1,5.007316589E0,0.000000000E0
2.199903859E2,6.500035373E1,2.559547446E1,3.049339451E1,1.445555329E0,6.288176727E1,4.699999809E0,0.000000000E0
2.209838317E2,6.500036044E1,2.559550516E1,3.043453182E1,1.467946887E0,6.496580505E1,4.699999809E0,0.000000000E0
2.219729385E2,6.500036803E1,2.559553494E1,3.044448232E1,1.482197165E0,6.210828400E1,4.699999809E0,0.000000000E0
2.229860031E2,6.500037680E1,2.559556346E1,3.047200697E1,1.493685603E0,5.793195343E1,4.699999809E0,0.000000000E0
2.239924645E2,6.500038560E1,2.559559176E1,3.038693321E1,1.489155054E0,5.877910614E1,5.062565327E0,0.000000000E0
2.249803901E2,6.500039471E1,2.559561994E1,3.021771098E1,1.503951073E0,5.764491653E1,4.699999809E0,0.000000000E0
2.259822145E2,6.500040335E1,2.559564904E1,3.010219588E1,1.521924376E0,6.085231400E1,4.699999809E0,0.000000000E0
2.269912505E2,6.500041191E1,2.559567805E1,2.990755256E1,1.517240882E0,6.188274384E1,4.699999809E0,0.000000000E0
2.279900869E2,6.500042172E1,2.559570488E1,2.984760230E1,1.514668226E0,5.484043884E1,4.699999809E0,0.000000000E0
2.289830520E2,6.500043016E1,2.559573321E1,3.009830211E1,1.509297132E0,6.107736969E1,4.699999809E0,0.000000000E0
2.299858677E2,6.500043855E1,2.559576111E1,3.038635932E1,1.503971696E0,6.023350525E1,4.699999809E0,0.000000000E0
2.309880468E2,6.500044666E1,2.559578903E1,3.054934032E1,1.499785185E0,6.099674988E1,4.699999809E0,0.000000000E0
2.319862510E2,6.500045611E1,2.559581419E1,3.060882092E1,1.497145295E0,5.163500595E1,4.699999809E0,0.000000000E0
2.329883760E2,6.500046459E1,2.559584033E1,3.060191067E1,1.494263530E0,5.528330612E1,4.699999809E0,0.000000000E0
2.339844666E2,6.500047152E1,2.559586800E1,3.058992712E1,1.490073442E0,6.175968170E1,4.699999809E0,0.000000000E0
2.349855130E2,6.500047818E1,2.559589557E1,3.057976326E1,1.487677693E0,6.215018082E1,4.699999809E0,0.000000000E0
2.359708302E2,6.500048413E1,2.559591926E1,3.047663974E1,1.266132712E0,6.205315399E1,4.699999809E0,0.000000000E0
2.369744401E2,6.500048897E1,2.559594105E1,3.034619590E1,1.109992266E0,6.798544312E1,4.699999809E0,0.000000000E0
2.379930172E2,6.500049271E1,2.559596667E1,3.002808785E1,1.225955725E0,7.576833344E1,4.699999809E0,0.000000000E0
2.389819739E2,6.500049401E1,2.559599527E1,2.997974405E1,1.300599575E0,8.713453674E1,4.699999809E0,0.000000000E0
2.399935172E2,6.500049244E1,2.559602498E1,2.992151322E1,1.361745834E0,9.880436707E1,4.699999809E0,0.000000000E0
2.409867453E2,6.500048624E1,2.559605229E1,2.974756894E1,1.410199285E0,1.185487976E2,4.699999809E0,0.000000000E0
2.419790729E2,6.500047711E1,2.559607559E1,2.972569127E1,1.429607987E0,1.315001221E2,4.699999809E0,0.000000000E0
2.429844208E2,6.500046720E1,2.559609752E1,2.986283726E1,1.443866253E0,1.336127167E2,4.699999809E0,0.000000000E0
2.439853172E2,6.500045576E1,2.559611591E1,3.001374374E1,1.456061363E0,1.427133789E2,4.699999809E0,0.000000000E0
2.449834359E2,6.500044393E1,2.559613330E1,3.013189365E1,1.459813237E0,1.446539307E2,4.699999809E0,0.000000000E0
2.459767234E2,6.500043244E1,2.559615248E1,3.047003682E1,1.465601087E0,1.400650330E2,4.699999809E0,0.000000000E0
2.469847156E2,6.500042030E1,2.559616951E1,3.057565558E1,1.472570419E0,1.449516754E2,4.699999809E0,0.000000000E0
2.479835916E2,6.500040803E1,2.559618502E1,3.069758621E1,1.473165274E0,1.470709839E2,4.699999809E0,0.000000000E0
2.489851114E2,6.500039634E1,2.559620148E1,3.074377192E1,1.474263072E0,1.426102753E2,4.699999809E0,0.000000000E0
2.499863698E2,6.500038433E1,2.559621550E1,3.076118378E1,1.472107291E0,1.469985352E2,4.699999809E0,0.000000000E0
2.509774739E2,6.500037290E1,2.559622966E1,3.078075838E1,1.465150595E0,1.464191589E2,4.699999809E0,0.000000000E0
2.519871656E2,6.500036203E1,2.559624413E1,3.079120423E1,1.460622549E0,1.454603271E2,4.699999809E0,0.000000000E0
2.529911291E2,6.500035134E1,2.559625798E1,3.071488480E1,1.456995487E0,1.467758789E2,4.699999809E0,0.000000000E0
2.539847703E2,6.500033989E1,2.559626757E1,3.075665390E1,1.455091476E0,1.575174561E2,4.699999809E0,0.000000000E0
2.549776406E2,6.500033012E1,2.559627616E1,3.074370464E1,1.235677600E0,1.575155334E2,4.699999809E0,0.000000000E0
2.559728927E2,6.500032213E1,2.559628800E1,3.072790871E1,1.083670855E0,1.469423218E2,4.699999809E0,0.000000000E0
2.569731796E2,6.500031304E1,2.559630140E1,3.076580856E1,1.196982265E0,1.485498962E2,4.699999809E0,0.000000000E0
2.579841489E2,6.500030386E1,2.559631818E1,3.076707548E1,1.285299897E0,1.426980591E2,4.699999809E0,0.000000000E0
2.589861265E2,6.500029390E1,2.559633434E1,3.093956920E1,1.348401904E0,1.470253906E2,4.699999809E0,0.000000000E0
2.599850041E2,6.500028362E1,2.559635082E1,3.097764066E1,1.387739539E0,1.478306580E2,4.699999809E0,0.000000000E0
2.609851083E2,6.500027272E1,2.559636710E1,3.082606083E1,1.417203069E0,1.493841400E2,4.699999809E0,0.000000000E0
2.619784171E2,6.500026240E1,2.559638681E1,3.078581234E1,1.439306021E0,1.409240417E2,4.699999809E0,0.000000000E0
2.629841703E2,6.500025162E1,2.559640510E1,3.066092366E1,1.454069257E0,1.454978943E2,4.699999809E0,0.000000000E0
2.639734583E2,6.500024065E1,2.559642211E1,3.071697391E1,1.462633252E0,1.501283722E2,4.699999809E0,0.000000000E0
2.649752932E2,6.500022996E1,2.559643936E1,3.073048637E1,1.465667963E0,1.493588867E2,4.699999809E0,0.000000000E0
2.659907015E2,6.500021979E1,2.559645717E1,3.080805882E1,1.466838121E0,1.457000580E2,4.699999809E0,0.000000000E0
2.669894349E2,6.500020938E1,2.559647262E1,3.101541145E1,1.467074752E0,1.481576843E2,4.699999809E0,0.000000000E0
2.679861974E2,6.500019892E1,2.559648679E1,3.118799329E1,1.462468624E0,1.491806793E2,4.699999809E0,0.000000000E0
2.689721026E2,6.500018856E1,2.559650069E1,3.134733050E1,1.461191297E0,1.486811523E2,4.699999809E0,0.000000000E0
2.699902062E2,6.500017891E1,2.559651577E1,3.113172460E1,1.457511663E0,1.459555664E2,4.699999809E0,0.000000000E0
2.709870770E2,6.500016885E1,2.559652812E1,3.083265738E1,1.454948306E0,1.508795929E2,4.699999809E0,0.000000000E0
2.719880755E2,6.500016017E1,2.559653806E1,3.053166748E1,1.233258128E0,1.509630280E2,4.699999809E0,0.000000000E0
2.729848213E2,6.500015162E1,2.559654345E1,3.042731050E1,1.077773452E0,1.610374756E2,4.699999809E0,0.000000000E0
2.739866078E2,6.500013953E1,2.559654510E1,3.045775494E1,1.423483372E0,1.737220459E2,5.518265724E0,0.000000000E0
2.749826849E2,6.500012718E1,2.559654652E1,3.036495423E1,1.444323301E0,1.738131256E2,5.381799698E0,0.000000000E0
2.759908645E2,6.500011670E1,2.559653883E1,3.028608924E1,1.229809046E0,1.934725342E2,4.699999809E0,0.000000000E0
2.769728546E2,6.500010674E1,2.559652385E1,3.020740432E1,1.296405673E0,2.084035187E2,4.699999809E0,0.000000000E0
2.779842583E2,6.500009791E1,2.559650354E1,3.008777279E1,1.344029307E0,2.212121429E2,4.699999809E0,0.000000000E0
2.790119088E2,6.500008941E1,2.559648180E1,3.009431628E1,1.380064845E0,2.239062195E2,4.699999809E0,0.000000000E0
2.799870786E2,6.500008164E1,2.559645798E1,2.999654311E1,1.408994794E0,2.293182983E2,4.699999809E0,0.000000000E0
2.809861604E2,6.500007385E1,2.559643363E1,3.003362720E1,1.433254004E0,2.299892426E2,4.699999809E0,0.000000000E0
2.819874974E2,6.500006533E1,2.559641071E1,3.013493937E1,1.441273928E0,2.250139923E2,4.699999809E0,0.000000000E0
2.829884854E2,6.500005725E1,2.559638698E1,3.029773299E1,1.446319818E0,2.274334412E2,5.002417564E0,0.000000000E0
2.839757593E2,6.500004899E1,2.559636365E1,3.039970508E1,1.452443361E0,2.261128540E2,7.552574635E0,0.000000000E0
2.849884026E2,6.500004007E1,2.559634227E1,3.043937929E1,1.454912543E0,2.206842041E2,5.025376797E0,0.000000000E0
2.859889437E2,6.500003159E1,2.559632028E1,3.058127971E1,1.458281517E0,2.226941223E2,5.421921730E0,0.000000000E0
2.869904724E2,6.500002370E1,2.559629623E1,3.112330000E1,1.461068988E0,2.281042175E2,7.620215416E0,0.000000000E0
2.879883932E2,6.500001598E1,2.559627033E1,3.195870504E1,1.464673996E0,2.313392792E2,4.699999809E0,0.000000000E0
2.889893244E2,6.500000791E1,2.559624368E1,3.256506058E1,1.473771930E0,2.317106171E2,4.699999809E0,0.000000000E0
2.899844849E2,6.499999966E1,2.559621692E1,3.303083273E1,1.485646844E0,2.311589813E2,4.699999809E0,0.000000000E0
2.909948427E2,6.499999211E1,2.559618922E1,3.333329259E1,1.493091464E0,2.339660645E2,4.699999809E0,0.000000000E0
2.919741437E2,6.499998501E1,2.559616147E1,3.361612627E1,1.494401097E0,2.353119659E2,4.699999809E0,0.000000000E0
2.930194208E2,6.499997815E1,2.559613439E1,3.367770764E1,1.492617846E0,2.359279480E2,4.699999809E0,0.000000000E0
2.939858770E2,6.499997163E1,2.559610785E1,3.373759554E1,1.488794804E0,2.371442108E2,6.421290874E0,0.000000000E0
2.949891364E2,6.499996517E1,2.559608215E1,3.390395159E1,1.485109568E0,2.367068176E2,5.426998615E0,0.000000000E0
2.959901479E2,6.499996092E1,2.559605449E1,3.406090295E1,1.484493256E0,2.483353271E2,5.407681942E0,0.000000000E0
2.969933942E2,6.499995729E1,2.559603114E1,3.432923588E1,1.260140657E0,2.483201904E2,5.009539604E0,0.000000000E0
2.979899401E2,6.499995154E1,2.559600870E1,3.447774324E1,1.328623414E0,2.372392578E2,5.715666771E0,0.000000000E0
2.989855093E2,6.499994557E1,2.559598473E1,3.441868526E1,1.378000140E0,2.373278961E2,6.709496498E0,0.000000000E0
2.999753489E2,6.499994103E1,2.559596222E1,3.467861344E1,1.189823627E0,2.410161133E2,4.699999809E0,0.000000000E0
3.009742395E2,6.499993584E1,2.559593803E1,3.470260220E1,1.283201098E0,2.393319702E2,4.699999809E0,0.000000000E0
3.019903994E2,6.499992973E1,2.559591351E1,3.455929657E1,1.345766068E0,2.357534180E2,4.699999809E0,0.000000000E0
3.029893036E2,6.499992371E1,2.559588726E1,3.447514957E1,1.387591481E0,2.386477661E2,4.699999809E0,0.000000000E0
3.039855203E2,6.499991632E1,2.559586192E1,3.450838703E1,1.415313363E0,2.318628998E2,4.699999809E0,0.000000000E0
3.049859046E2,6.499990985E1,2.559583369E1,3.458955739E1,1.438743114E0,2.387441406E2,4.699999809E0,0.000000000E0
3.059856072E2,6.499990365E1,2.559580388E1,3.457019948E1,1.457695127E0,2.415502167E2,4.699999809E0,0.000000000E0
3.069753317E2,6.499989639E1,2.559577481E1,3.457198535E1,1.473743916E0,2.366343689E2,5.071246624E0,0.000000000E0
3.079833578E2,6.499988900E1,2.559574551E1,3.451870596E1,1.489233375E0,2.372634277E2,5.096280098E0,0.000000000E0
3.089901703E2,6.499988119E1,2.559571499E1,3.444421281E1,1.497999072E0,2.366388702E2,5.109004021E0,0.000000000E0
3.099862890E2,6.499987318E1,2.559568284E1,3.448956983E1,1.505749464E0,2.373950806E2,5.582900047E0,0.000000000E0
3.109837484E2,6.499986517E1,2.559565055E1,3.432896754E1,1.515211582E0,2.379148254E2,5.590240002E0,0.000000000E0
3.119894421E2,6.499985733E1,2.559561919E1,3.443881589E1,1.514541388E0,2.382771454E2,5.974140167E0,0.000000000E0
3.129761963E2,6.499984907E1,2.559558936E1,3.488021425E1,1.505627632E0,2.371532135E2,5.941449642E0,0.000000000E0
3.139892947E2,6.499983959E1,2.559556258E1,3.510301365E1,1.508420229E0,2.310372162E2,5.907480240E0,0.000000000E0
3.149912869E2,6.499983059E1,2.559553585E1,3.512967321E1,1.515847802E0,2.343327637E2,5.526379108E0,0.000000000E0
3.159888161E2,6.499982275E1,2.559551350E1,3.508545625E1,1.288465500E0,2.341866302E2,4.699999809E0,0.000000000E0
3.169881276E2,6.499981604E1,2.559549346E1,3.489908537E1,1.124533534E0,2.371927185E2,4.699999809E0,0.000000000E0
3.179871703E2,6.499980856E1,2.559547191E1,3.466190219E1,1.232889175E0,2.359446564E2,4.699999809E0,0.000000000E0
3.189862458E2,6.499979868E1,2.559544768E1,3.434503567E1,1.534245014E0,2.298265686E2,4.699999809E0,0.000000000E0
3.199895578E2,6.499978909E1,2.559542366E1,3.417513061E1,1.521329522E0,2.297226868E2,5.520220757E0,0.000000000E0
3.209863645E2,6.499978173E1,2.559540138E1,3.396062982E1,1.286902070E0,2.360917053E2,4.699999809E0,0.000000000E0
3.219925640E2,6.499977432E1,2.559537726E1,3.386179084E1,1.348378062E0,2.378712463E2,5.586403370E0,0.000000000E0
3.229804890E2,6.499976561E1,2.559535371E1,3.393888439E1,1.389438152E0,2.307210388E2,5.924032211E0,0.000000000E0
3.239903963E2,6.499975744E1,2.559532807E1,3.391928377E1,1.416045666E0,2.349197540E2,5.906882286E0,0.000000000E0
3.249912677E2,6.499974980E1,2.559530129E1,3.386607631E1,1.439599991E0,2.381370392E2,5.934090137E0,0.000000000E0
3.259768963E2,6.499974171E1,2.559527509E1,3.371175981E1,1.454857469E0,2.353868866E2,5.614704132E0,0.000000000E0
3.269769692E2,6.499973359E1,2.559524904E1,3.337273943E1,1.465349674E0,2.345051727E2,6.495643139E0,0.000000000E0
3.279765552E2,6.499972522E1,2.559522377E1,3.317576278E1,1.469763756E0,2.322182617E2,4.699999809E0,0.000000000E0
3.289856317E2,6.499971699E1,2.559519867E1,3.282408882E1,1.472512484E0,2.318551178E2,5.425596237E0,0.000000000E0
3.299834088E2,6.499971351E1,2.559516854E1,3.277219418E1,1.477061868E0,2.559715881E2,4.699999809E0,0.000000000E0
3.309836906E2,6.499970591E1,2.559514359E1,3.250752260E1,1.478073955E0,2.325253754E2,4.699999809E0,0.000000000E0
3.319853723E2,6.499969871E1,2.559511861E1,3.230583206E1,1.472745180E0,2.337882690E2,5.235243797E0,0.000000000E0
3.329904838E2,6.499969089E1,2.559509557E1,3.208240835E1,1.466551900E0,2.281212616E2,4.699999809E0,0.000000000E0
3.339845624E2,6.499968433E1,2.559507547E1,3.172578769E1,1.245635509E0,2.282650604E2,5.294487000E0,0.000000000E0
3.349867859E2,6.499967762E1,2.559505329E1,3.150585157E1,1.313443899E0,2.307737885E2,4.699999809E0,0.000000000E0
3.359797973E2,6.499967006E1,2.559502579E1,3.118891519E1,1.581421256E0,2.345025635E2,5.276886940E0,0.000000000E0
3.369854869E2,6.499966374E1,2.559500202E1,3.091467741E1,1.327254534E0,2.346255493E2,5.593226910E0,0.000000000E0
3.379847135E2,6.499965848E1,2.559498013E1,3.054086537E1,1.153200269E0,2.368457642E2,5.571134567E0,0.000000000E0
3.389748057E2,6.499965193E1,2.559495754E1,3.015920536E1,1.252338409E0,2.322335663E2,6.653750420E0,0.000000000E0
3.399729411E2,6.499964486E1,2.559493352E1,2.975098711E1,1.324715853E0,2.322283020E2,5.590773106E0,0.000000000E0
3.410167729E2,6.499963754E1,2.559490833E1,2.953849326E1,1.375709057E0,2.326883240E2,5.570094585E0,0.000000000E0
3.419919744E2,6.499963005E1,2.559488237E1,2.934747609E1,1.406295538E0,2.334128418E2,6.293578625E0,0.000000000E0
3.429728578E2,6.499962177E1,2.559485687E1,2.909178374E1,1.429278374E0,2.303714752E2,4.699999809E0,0.000000000E0
3.439863145E2,6.499961362E1,2.559482992E1,2.901870125E1,1.446984529E0,2.333135834E2,4.699999809E0,0.000000000E0
3.449917369E2,6.499960535E1,2.559480201E1,2.886790957E1,1.468843699E0,2.341647491E2,4.699999809E0,0.000000000E0
3.459734999E2,6.499959703E1,2.559477351E1,2.880301345E1,1.485145688E0,2.351980591E2,4.699999809E0,0.000000000E0
3.469832218E2,6.499958836E1,2.559474534E1,2.867488836E1,1.489979029E0,2.344837494E2,5.592233181E0,0.000000000E0
3.479896067E2,6.499957837E1,2.559471906E1,2.880711487E1,1.495967984E0,2.270260010E2,4.699999809E0,0.000000000E0
3.489850072E2,6.499956863E1,2.559469250E1,2.890836249E1,1.492982626E0,2.276885529E2,5.295406818E0,0.000000000E0
3.499875109E2,6.499955881E1,2.559466729E1,2.910930697E1,1.494902134E0,2.248246918E2,5.685525417E0,0.000000000E0
3.509903604E2,6.499954882E1,2.559464392E1,2.906738836E1,1.494420767E0,2.206623077E2,6.065736294E0,0.000000000E0
3.519771354E2,6.499954023E1,2.559462359E1,2.885093304E1,1.267134309E0,2.207853851E2,6.613052845E0,0.000000000E0
3.529736770E2,6.499953207E1,2.559460605E1,2.858884637E1,1.113017440E0,2.198742676E2,5.513687611E0,0.000000000E0
3.539739213E2,6.499951848E1,2.559460440E1,2.855391013E1,1.462226152E0,1.762383728E2,5.146521568E0,0.000000000E0
3.549830437E2,6.499950418E1,2.559460340E1,2.854463842E1,1.488220811E0,1.762846527E2,4.699999809E0,0.000000000E0
3.559752989E2,6.499948973E1,2.559460683E1,2.865081401E1,1.493782282E0,1.672792358E2,4.699999809E0,0.000000000E0
3.569858249E2,6.499947497E1,2.559461066E1,2.864168239E1,1.498400092E0,1.673202362E2,4.699999809E0,0.000000000E0
3.579950369E2,6.499946184E1,2.559461451E1,2.841105193E1,1.276289344E0,1.662062073E2,4.699999809E0,0.000000000E0
3.589841786E2,6.499944867E1,2.559462264E1,2.813079931E1,1.343540430E0,1.591264496E2,5.661281109E0,0.000000000E0
3.599881692E2,6.499943535E1,2.559463343E1,2.786205133E1,1.398903251E0,1.559905853E2,4.699999809E0,0.000000000E0
3.609863895E2,6.499942170E1,2.559464549E1,2.746679607E1,1.432128310E0,1.555301971E2,4.699999809E0,0.000000000E0
3.619890916E2,6.499940802E1,2.559465961E1,2.715758866E1,1.456840634E0,1.518590088E2,4.699999809E0,0.000000000E0
3.629761937E2,6.499939421E1,2.559467556E1,2.683499130E1,1.490323305E0,1.496858673E2,4.699999809E0,0.000000000E0
3.639857275E2,6.499937973E1,2.559468928E1,2.672633706E1,1.502626657E0,1.556801453E2,4.699999809E0,0.000000000E0
3.649760067E2,6.499936595E1,2.559470564E1,2.656747794E1,1.499691248E0,1.497510071E2,4.699999809E0,0.000000000E0
3.660152036E2,6.499935275E1,2.559472345E1,2.635456491E1,1.513099194E0,1.467276001E2,4.699999809E0,0.000000000E0
3.669870770E2,6.499934013E1,2.559474229E1,2.600168343E1,1.520089269E0,1.443959045E2,4.699999809E0,0.000000000E0
3.679877578E2,6.499932735E1,2.559475930E1,2.552848648E1,1.515025377E0,1.489939117E2,4.699999809E0,0.000000000E0
3.689855286E2,6.499931488E1,2.559477677E1,2.508428529E1,1.510715723E0,1.480786591E2,4.699999809E0,0.000000000E0
3.699901958E2,6.499930319E1,2.559479650E1,2.452618149E1,1.502064943E0,1.430158081E2,4.699999809E0,0.000000000E0
3.709852593E2,6.499929305E1,2.559481425E1,2.434391103E1,1.274711728E0,1.429733429E2,4.699999809E0,0.000000000E0
3.719894244E2,6.499928374E1,2.559483024E1,2.432829044E1,1.129878402E0,1.445590515E2,4.699999809E0,0.000000000E0
3.729862494E2,6.499927361E1,2.559484816E1,2.419335654E1,1.253996968E0,1.440479431E2,4.699999809E0,0.000000000E0
3.739734302E2,6.499926281E1,2.559486683E1,2.416154080E1,1.335170627E0,1.450825195E2,4.699999809E0,0.000000000E0
3.749730421E2,6.499925188E1,2.559488665E1,2.416404944E1,1.389084816E0,1.431600494E2,4.699999809E0,0.000000000E0
3.759890604E2,6.499924044E1,2.559490551E1,2.412898677E1,1.425754905E0,1.455646362E2,4.699999809E0,0.000000000E0
3.769882140E2,6.499922864E1,2.559492322E1,2.420503840E1,1.449486971E0,1.477546997E2,4.699999809E0,0.000000000E0
3.779866562E2,6.499921669E1,2.559494046E1,2.426195162E1,1.463937163E0,1.486086426E2,4.699999809E0,0.000000000E0
3.789861104E2,6.499920484E1,2.559495844E1,2.424980355E1,1.474230766E0,1.467461090E2,4.699999809E0,0.000000000E0
3.799865005E2,6.499919328E1,2.559497817E1,2.413542166E1,1.481206775E0,1.424424438E2,4.699999809E0,0.000000000E0
3.809896025E2,6.499918178E1,2.559499793E1,2.410410484E1,1.486482143E0,1.419608002E2,4.699999809E0,0.000000000E0
3.819857546E2,6.499917094E1,2.559501840E1,2.445386538E1,1.488783956E0,1.350259094E2,4.699999809E0,0.000000000E0
3.829760182E2,6.499915886E1,2.559503468E1,2.462510888E1,1.487379551E0,1.410154877E2,4.699999809E0,0.000000000E0
3.839821869E2,6.499914615E1,2.559504816E1,2.484243368E1,1.486326575E0,1.443741760E2,4.699999809E0,0.000000000E0
3.849878999E2,6.499913364E1,2.559506114E1,2.490422208E1,1.473278880E0,1.428524017E2,4.699999809E0,0.000000000E0
3.859971979E2,6.499912178E1,2.559507535E1,2.507897557E1,1.469878554E0,1.389972076E2,4.699999809E0,0.000000000E0
3.869878458E2,6.499910934E1,2.559508704E1,2.516417501E1,1.466024756E0,1.458963928E2,4.699999809E0,0.000000000E0
3.879880583E2,6.499909874E1,2.559509676E1,2.521771826E1,1.234956980E0,1.462833557E2,4.699999809E0,0.000000000E0
3.889766093E2,6.499908902E1,2.559510598E1,2.518353581E1,1.088282585E0,1.463498383E2,4.699999809E0,0.000000000E0
3.899861723E2,6.499907784E1,2.559512282E1,2.520960798E1,1.424512982E0,1.377849731E2,4.699999809E0,0.000000000E0
3.909742926E2,6.499906642E1,2.559514011E1,2.516091942E1,1.439239621E0,1.381510468E2,4.699999809E0,0.000000000E0
3.919930088E2,6.499905557E1,2.559515322E1,2.518479129E1,1.232749462E0,1.442326813E2,4.699999809E0,0.000000000E0
3.929938765E2,6.499904397E1,2.559516650E1,2.531339875E1,1.300182343E0,1.480641632E2,4.699999809E0,0.000000000E0
3.939862286E2,6.499903229E1,2.559518209E1,2.542306206E1,1.357984543E0,1.458346710E2,4.699999809E0,0.000000000E0
3.949781697E2,6.499902044E1,2.559519925E1,2.553869120E1,1.404230356E0,1.449378357E2,4.699999809E0,0.000000000E0
3.959904494E2,6.499900918E1,2.559521922E1,2.575186616E1,1.429311752E0,1.389269257E2,4.699999809E0,0.000000000E0
3.969860328E2,6.499899727E1,2.559523746E1,2.587991194E1,1.446579576E0,1.446018829E2,4.699999809E0,0.000000000E0
3.979949395E2,6.499898495E1,2.559525334E1,2.577665347E1,1.442408323E0,1.499173279E2,4.699999809E0,0.000000000E0
3.989885463E2,6.499897340E1,2.559527157E1,2.584349278E1,1.454849124E0,1.434120178E2,4.699999809E0,0.000000000E0
4.000128947E2,6.499896137E1,2.559528821E1,2.576676188E1,1.469654679E0,1.475153961E2,4.699999809E0,0.000000000E0
4.009855916E2,6.499895102E1,2.559530228E1,2.583539957E1,1.246211767E0,1.476085968E2,4.699999809E0,0.000000000E0
4.019941598E2,6.499894163E1,2.559531340E1,2.579171861E1,1.088415146E0,1.502174988E2,4.699999809E0,0.000000000E0
4.029710291E2,6.499893104E1,2.559532425E1,2.576154819E1,1.203820467E0,1.535086212E2,4.699999809E0,0.000000000E0
4.039744958E2,6.499891991E1,2.559533714E1,2.567910420E1,1.290857315E0,1.501710815E2,4.699999809E0,0.000000000E0
4.049886770E2,6.499890967E1,2.559535544E1,2.568249870E1,1.349194050E0,1.374585266E2,4.699999809E0,0.000000000E0
4.059914275E2,6.499889871E1,2.559537307E1,2.554915096E1,1.385509610E0,1.410755920E2,4.699999809E0,0.000000000E0
4.069780301E2,6.499888787E1,2.559539187E1,2.575596356E1,1.409175038E0,1.378792114E2,4.699999809E0,0.000000000E0
4.079777624E2,6.499887591E1,2.559540776E1,2.590313266E1,1.428963184E0,1.454317627E2,4.699999809E0,0.000000000E0
4.089725536E2,6.499886385E1,2.559542312E1,2.614704628E1,1.432117105E0,1.456817017E2,4.699999809E0,0.000000000E0
4.099780937E2,6.499885328E1,2.559543576E1,2.625374700E1,1.217164516E0,1.459334259E2,4.699999809E0,0.000000000E0
